MN101.wav.mp3, 2377.743673
MN102.wav.mp3, 1004.982857
MN105.wav.mp3, 1158.661224
MN106.wav.mp3, 705.097143
MN107.wav.mp3, 915.748571
MN108.wav.mp3, 1209.600000
MN109.wav.mp3, 853.629388
MN10.wav.mp3, 2478.080000
MN110.wav.mp3, 596.688980
MN111.wav.mp3, 697.913469
MN113.wav.mp3, 665.626122
MN117.wav.mp3, 900.336327
MN118.wav.mp3, 1069.453061
MN119.wav.mp3, 1504.365714
MN11.wav.mp3, 827.585306
MN121.wav.mp3, 839.471020
MN122.wav.mp3, 1124.257959
MN123.wav.mp3, 692.924082
MN125.wav.mp3, 1633.515102
MN126.wav.mp3, 1046.987755
MN128.wav.mp3, 1238.987755
MN12.wav.mp3, 2864.431020
MN130.wav.mp3, 1191.314286
MN131.wav.mp3, 370.782041
MN135.wav.mp3, 878.863673
MN136.wav.mp3, 1321.404082
MN137.wav.mp3, 961.671837
MN138.wav.mp3, 979.435102
MN13.wav.mp3, 1064.359184
MN140.wav.mp3, 1436.708571
MN141.wav.mp3, 749.818776
MN143.wav.mp3, 733.910204
MN146.wav.mp3, 943.177143
MN147.wav.mp3, 511.503673
MN148.wav.mp3, 1193.613061
MN149.wav.mp3, 614.582857
MN14.wav.mp3, 932.414694
MN151.wav.mp3, 481.227755
MN152.wav.mp3, 850.755918
MN18.wav.mp3, 862.014694
MN19.wav.mp3, 990.275918
MN1.wav.mp3, 754.181224
MN20.wav.mp3, 532.323265
MN21.wav.mp3, 1267.226122
MN22.wav.mp3, 2068.166531
MN24.wav.mp3, 904.829388
MN25.wav.mp3, 1314.115918
MN26.wav.mp3, 2185.273469
MN27.wav.mp3, 1467.637551
MN28.wav.mp3, 1514.318367
MN29.wav.mp3, 1221.198367
MN2.wav.mp3, 820.584490
MN30.wav.mp3, 1222.034286
MN31.wav.mp3, 1012.140408
MN33.wav.mp3, 751.699592
MN35.wav.mp3, 1499.715918
MN36.wav.mp3, 2227.200000
MN38.wav.mp3, 2254.680816
MN39.wav.mp3, 1709.479184
MN40.wav.mp3, 654.471837
MN41.wav.mp3, 1067.859592
MN43.wav.mp3, 1199.647347
MN44.wav.mp3, 936.960000
MN45.wav.mp3, 668.212245
MN48.wav.mp3, 823.196735
MN49.wav.mp3, 1011.356735
MN4.wav.mp3, 898.795102
MN51.wav.mp3, 1627.559184
MN52.wav.mp3, 423.862857
MN53.wav.mp3, 1009.266939
MN54.wav.mp3, 646.400000
MN55.wav.mp3, 507.297959
MN56.wav.mp3, 2324.532245
MN58.wav.mp3, 522.057143
MN59.wav.mp3, 643.526531
MN5.wav.mp3, 1229.426939
MN60.wav.mp3, 3134.563265
MN61.wav.mp3, 669.805714
MN62.wav.mp3, 938.657959
MN63.wav.mp3, 689.423673
MN64.wav.mp3, 677.537959
MN66.wav.mp3, 1462.204082
MN67.wav.mp3, 913.502041
MN69.wav.mp3, 626.233469
MN6.wav.mp3, 671.059592
MN70.wav.mp3, 1074.782041
MN72.wav.mp3, 612.937143
MN74.wav.mp3, 607.111837
MN75.wav.mp3, 1700.571429
MN77.wav.mp3, 2836.924082
MN78.wav.mp3, 863.764898
MN7.wav.mp3, 640.888163
MN82.wav.mp3, 2051.631020
MN86.wav.mp3, 992.496327
MN87.wav.mp3, 789.159184
MN90.wav.mp3, 943.124898
MN91.wav.mp3, 399.777959
MN93.wav.mp3, 1386.579592
MN95.wav.mp3, 1809.815510
MN97.wav.mp3, 1011.957551
MN9.wav.mp3, 2075.428571
