SN10_12.wav.mp3, 256.626939
SN10_4.wav.mp3, 60.238367
SN10_8.wav.mp3, 218.383673
SN1_10.wav.mp3, 42.213878
SN11_14.wav.mp3, 180.871837
SN11_15.wav.mp3, 47.098776
SN11_22.wav.mp3, 153.521633
SN11_24.wav.mp3, 104.254694
SN11_3.wav.mp3, 303.830204
SN11_5.wav.mp3, 259.500408
SN1_18.wav.mp3, 28.212245
SN1_1.wav.mp3, 88.633469
SN1_20.wav.mp3, 352.000000
SN12_10.wav.mp3, 365.479184
SN12_11.wav.mp3, 239.986939
SN12_12.wav.mp3, 256.444082
SN12_15.wav.mp3, 224.156735
SN12_17.wav.mp3, 449.436735
SN12_18.wav.mp3, 323.840000
SN12_19.wav.mp3, 169.012245
SN12_20.wav.mp3, 293.302857
SN12_23.wav.mp3, 310.360816
SN12_25.wav.mp3, 376.946939
SN12_2.wav.mp3, 343.510204
SN12_31.wav.mp3, 395.990204
SN12_35.wav.mp3, 327.888980
SN12_38.wav.mp3, 117.394286
SN12_44.wav.mp3, 264.071837
SN12_46.wav.mp3, 217.391020
SN12_48.wav.mp3, 216.163265
SN12_51.wav.mp3, 502.360816
SN12_52.wav.mp3, 194.168163
SN12_55.wav.mp3, 216.163265
SN1_25.wav.mp3, 75.598367
SN12_61.wav.mp3, 303.673469
SN12_62.wav.mp3, 298.161633
SN12_63.wav.mp3, 357.955918
SN12_64.wav.mp3, 341.707755
SN12_65.wav.mp3, 448.339592
SN12_66.wav.mp3, 686.210612
SN12_67.wav.mp3, 541.596735
SN12_68.wav.mp3, 403.853061
SN12_69.wav.mp3, 122.880000
SN12_70.wav.mp3, 1279.921633
SN1_2.wav.mp3, 58.932245
SN13_1.wav.mp3, 86.334694
SN13_2.wav.mp3, 86.151837
SN1_38.wav.mp3, 268.355918
SN13_8.wav.mp3, 87.510204
SN14_11.wav.mp3, 136.568163
SN1_41.wav.mp3, 80.718367
SN1_42.wav.mp3, 48.431020
SN15_10.wav.mp3, 125.805714
SN15_11.wav.mp3, 62.563265
SN15_12.wav.mp3, 60.839184
SN15_13.wav.mp3, 209.397551
SN15_14.wav.mp3, 69.694694
SN1_51.wav.mp3, 30.171429
SN15_3.wav.mp3, 167.000816
SN1_55.wav.mp3, 29.727347
SN15_5.wav.mp3, 106.971429
SN1_56.wav.mp3, 30.145306
SN15_6.wav.mp3, 106.422857
SN1_57.wav.mp3, 30.302041
SN15_8.wav.mp3, 161.802449
SN15_9.wav.mp3, 68.963265
SN16_11.wav.mp3, 866.560000
SN16_13.wav.mp3, 175.595102
SN16_2.wav.mp3, 226.899592
SN1_64.wav.mp3, 29.152653
SN16_5.wav.mp3, 177.606531
SN1_69.wav.mp3, 30.693878
SN1_71.wav.mp3, 41.769796
SN17_3.wav.mp3, 124.290612
SN17_5.wav.mp3, 128.417959
SN17_8.wav.mp3, 87.666939
SN1_7.wav.mp3, 41.195102
SN1_9.wav.mp3, 41.377959
SN20_2.wav.mp3, 60.133878
SN20_4.wav.mp3, 52.427755
SN20_5.wav.mp3, 77.975510
SN20_6.wav.mp3, 87.379592
SN20_7.wav.mp3, 111.621224
SN21_10.wav.mp3, 171.128163
SN21_1.wav.mp3, 137.691429
SN21_2.wav.mp3, 112.718367
SN21_3.wav.mp3, 199.235918
SN21_6.wav.mp3, 103.314286
SN2_17.wav.mp3, 44.408163
SN2_19.wav.mp3, 46.654694
SN21_9.wav.mp3, 89.155918
SN22_100.wav.mp3, 353.645714
SN22_101.wav.mp3, 298.213878
SN22_121.wav.mp3, 69.093878
SN22_122.wav.mp3, 231.706122
SN22_126.wav.mp3, 165.250612
SN22_127.wav.mp3, 160.809796
SN22_131.wav.mp3, 97.828571
SN22_132.wav.mp3, 96.470204
SN22_18.wav.mp3, 79.464490
SN22_19.wav.mp3, 76.773878
SN22_1.wav.mp3, 485.720816
SN22_20.wav.mp3, 77.766531
SN22_22.wav.mp3, 120.816327
SN22_23.wav.mp3, 49.240816
SN2_22.wav.mp3, 76.277551
SN22_2.wav.mp3, 460.617143
SN22_36.wav.mp3, 243.539592
SN22_39.wav.mp3, 81.214694
SN22_3.wav.mp3, 480.365714
SN22_40.wav.mp3, 80.953469
SN22_41.wav.mp3, 79.046531
SN22_42.wav.mp3, 78.550204
SN22_47.wav.mp3, 167.340408
SN22_48.wav.mp3, 209.554286
SN22_53.wav.mp3, 148.218776
SN22_54.wav.mp3, 231.418776
SN22_55.wav.mp3, 536.946939
SN22_56.wav.mp3, 416.000000
SN22_57.wav.mp3, 573.570612
SN22_58.wav.mp3, 184.946939
SN22_59.wav.mp3, 271.098776
SN22_5.wav.mp3, 273.554286
SN22_60.wav.mp3, 268.408163
SN22_76.wav.mp3, 182.909388
SN22_78.wav.mp3, 189.857959
SN22_79.wav.mp3, 591.568980
SN22_80.wav.mp3, 554.501224
SN22_81.wav.mp3, 414.432653
SN22_82.wav.mp3, 837.720816
SN22_83.wav.mp3, 265.691429
SN22_84.wav.mp3, 564.271020
SN22_85.wav.mp3, 1063.471020
SN22_86.wav.mp3, 537.338776
SN22_88.wav.mp3, 402.886531
SN22_89.wav.mp3, 740.702041
SN22_90.wav.mp3, 431.255510
SN22_93.wav.mp3, 254.275918
SN22_94.wav.mp3, 289.724082
SN22_95.wav.mp3, 415.686531
SN22_96.wav.mp3, 331.467755
SN22_97.wav.mp3, 303.856327
SN22_99.wav.mp3, 249.626122
SN2_2.wav.mp3, 29.466122
SN23_1.wav.mp3, 132.911020
SN23_2.wav.mp3, 154.331429
SN25_10.wav.mp3, 289.567347
SN25_1.wav.mp3, 288.862041
SN25_2.wav.mp3, 289.854694
SN25_3.wav.mp3, 289.802449
SN25_4.wav.mp3, 289.384490
SN25_5.wav.mp3, 289.828571
SN25_6.wav.mp3, 289.933061
SN25_7.wav.mp3, 289.750204
SN25_8.wav.mp3, 289.515102
SN25_9.wav.mp3, 289.567347
SN27_10.wav.mp3, 38.164898
SN27_1.wav.mp3, 37.694694
SN27_2.wav.mp3, 39.784490
SN27_3.wav.mp3, 42.475102
SN27_4.wav.mp3, 41.978776
SN27_5.wav.mp3, 47.255510
SN27_6.wav.mp3, 46.341224
SN27_7.wav.mp3, 48.404898
SN27_8.wav.mp3, 42.710204
SN27_9.wav.mp3, 42.004898
SN2_7.wav.mp3, 43.781224
SN3_10.wav.mp3, 93.518367
SN3_11.wav.mp3, 338.703673
SN3_14.wav.mp3, 158.302041
SN3_15.wav.mp3, 153.103673
SN3_17.wav.mp3, 94.563265
SN3_19.wav.mp3, 257.959184
SN3_1.wav.mp3, 273.266939
SN3_20.wav.mp3, 219.820408
SN3_21.wav.mp3, 510.432653
SN3_22.wav.mp3, 127.294694
SN3_23.wav.mp3, 73.377959
SN3_24.wav.mp3, 320.026122
SN3_25.wav.mp3, 291.448163
SN3_4.wav.mp3, 180.088163
SN35_101.wav.mp3, 155.010612
SN35_115.wav.mp3, 138.240000
SN35_116.wav.mp3, 355.578776
SN35_117.wav.mp3, 478.537143
SN35_118.wav.mp3, 191.686531
SN35_127.wav.mp3, 408.267755
SN35_134.wav.mp3, 139.598367
SN35_135.wav.mp3, 102.191020
SN35_136.wav.mp3, 202.971429
SN35_145.wav.mp3, 113.005714
SN35_153.wav.mp3, 71.444898
SN35_17.wav.mp3, 137.534694
SN35_187.wav.mp3, 95.477551
SN35_188.wav.mp3, 140.434286
SN35_189.wav.mp3, 157.283265
SN35_18.wav.mp3, 141.008980
SN35_190.wav.mp3, 342.177959
SN35_191.wav.mp3, 300.408163
SN35_193.wav.mp3, 193.541224
SN35_197.wav.mp3, 349.988571
SN35_198.wav.mp3, 267.049796
SN35_199.wav.mp3, 166.478367
SN35_19.wav.mp3, 70.635102
SN35_200.wav.mp3, 303.072653
SN35_202.wav.mp3, 675.239184
SN35_204.wav.mp3, 355.787755
SN35_205.wav.mp3, 328.045714
SN35_206.wav.mp3, 387.552653
SN35_207.wav.mp3, 367.438367
SN35_20.wav.mp3, 74.213878
SN35_23.wav.mp3, 50.625306
SN35_24.wav.mp3, 86.465306
SN35_28.wav.mp3, 193.462857
SN35_63.wav.mp3, 238.001633
SN35_69.wav.mp3, 117.211429
SN35_74.wav.mp3, 281.808980
SN35_75.wav.mp3, 281.652245
SN35_80.wav.mp3, 141.818776
SN35_82.wav.mp3, 191.137959
SN35_85.wav.mp3, 98.560000
SN35_88.wav.mp3, 439.875918
SN35_93.wav.mp3, 212.558367
SN35_95.wav.mp3, 365.583673
SN35_97.wav.mp3, 184.555102
SN35_99.wav.mp3, 81.031837
SN3_5.wav.mp3, 173.505306
SN36_11.wav.mp3, 274.860408
SN36_19.wav.mp3, 629.420408
SN36_21.wav.mp3, 189.178776
SN36_22.wav.mp3, 141.897143
SN36_23.wav.mp3, 96.417959
SN36_31.wav.mp3, 361.012245
SN36_4.wav.mp3, 95.791020
SN36_6.wav.mp3, 347.663673
SN36_7.wav.mp3, 391.471020
SN3_6.wav.mp3, 91.088980
SN37_34.wav.mp3, 57.704490
SN3_7.wav.mp3, 93.962449
SN38_14.wav.mp3, 99.813878
SN3_8.wav.mp3, 99.448163
SN3_9.wav.mp3, 149.315918
SN41_10.wav.mp3, 278.987755
SN4_13.wav.mp3, 114.337959
SN41_3.wav.mp3, 394.893061
SN41_4.wav.mp3, 240.222041
SN41_6.wav.mp3, 410.801633
SN41_7.wav.mp3, 291.892245
SN4_18.wav.mp3, 90.827755
SN4_19.wav.mp3, 180.140408
SN4_20.wav.mp3, 137.090612
SN42_10.wav.mp3, 201.351837
SN42_11.wav.mp3, 354.429388
SN4_21.wav.mp3, 138.631837
SN42_2.wav.mp3, 286.981224
SN42_3.wav.mp3, 230.008163
SN42_6.wav.mp3, 380.499592
SN42_7.wav.mp3, 366.733061
SN42_8.wav.mp3, 578.272653
SN42_9.wav.mp3, 312.711837
SN43.wav.mp3, 869.537959
SN44_10.wav.mp3, 119.327347
SN44_11.wav.mp3, 180.480000
SN44_1.wav.mp3, 431.046531
SN44_3.wav.mp3, 185.913469
SN44_4.wav.mp3, 266.527347
SN44_5.wav.mp3, 259.448163
SN44_6.wav.mp3, 462.210612
SN44_7.wav.mp3, 262.191020
SN44_8.wav.mp3, 285.596735
SN44_9.wav.mp3, 239.124898
SN45_153.wav.mp3, 71.784490
SN45_154.wav.mp3, 82.912653
SN45_155.wav.mp3, 117.498776
SN45_159.wav.mp3, 185.103673
SN45_171.wav.mp3, 71.262041
SN45_1.wav.mp3, 103.105306
SN45_27.wav.mp3, 49.136327
SN45_2.wav.mp3, 142.158367
SN45_4.wav.mp3, 211.408980
SN45_56.wav.mp3, 156.238367
SN45_8.wav.mp3, 325.198367
SN46_11.wav.mp3, 90.331429
SN46_14.wav.mp3, 151.196735
SN46_18.wav.mp3, 65.227755
SN46_1.wav.mp3, 112.640000
SN46_26.wav.mp3, 98.951837
SN46_29.wav.mp3, 89.913469
SN46_30.wav.mp3, 205.244082
SN46_38.wav.mp3, 101.485714
SN46_3.wav.mp3, 294.582857
SN46_4.wav.mp3, 241.240816
SN46_51.wav.mp3, 684.800000
SN46_52.wav.mp3, 419.944490
SN46_53.wav.mp3, 414.354286
SN46_54.wav.mp3, 745.874286
SN46_5.wav.mp3, 94.746122
SN46_8.wav.mp3, 125.570612
SN47_10.wav.mp3, 326.661224
SN47_13.wav.mp3, 291.604898
SN47_16.wav.mp3, 136.333061
SN47_19.wav.mp3, 162.063673
SN47_20.wav.mp3, 108.826122
SN47_25.wav.mp3, 155.924898
SN47_33.wav.mp3, 73.142857
SN47_35.wav.mp3, 72.724898
SN47_37.wav.mp3, 99.082449
SN47_38.wav.mp3, 96.705306
SN47_40.wav.mp3, 172.460408
SN47_41.wav.mp3, 50.651429
SN47_42.wav.mp3, 78.315102
SN47_4.wav.mp3, 185.312653
SN47_6.wav.mp3, 206.236735
SN47_7.wav.mp3, 210.677551
SN47_8.wav.mp3, 257.149388
SN48_10.wav.mp3, 261.511837
SN48_21.wav.mp3, 82.964898
SN48_38.wav.mp3, 103.888980
SN48_39.wav.mp3, 220.395102
SN48_3.wav.mp3, 40.515918
SN48_41.wav.mp3, 111.856327
SN48_44.wav.mp3, 180.297143
SN48_46.wav.mp3, 81.658776
SN48_4.wav.mp3, 48.457143
SN48_50.wav.mp3, 353.828571
SN48_52.wav.mp3, 93.257143
SN48_53.wav.mp3, 237.844898
SN48_56.wav.mp3, 52.610612
SN48_8.wav.mp3, 65.384490
SN4_8.wav.mp3, 65.358367
SN5_10.wav.mp3, 120.241633
SN51_13.wav.mp3, 142.367347
SN51_14.wav.mp3, 562.259592
SN51_15.wav.mp3, 244.218776
SN51_20.wav.mp3, 591.908571
SN51_22.wav.mp3, 243.147755
SN5_1.wav.mp3, 114.860408
SN52_10.wav.mp3, 74.631837
SN52_9.wav.mp3, 111.986939
SN5_2.wav.mp3, 112.195918
SN5_3.wav.mp3, 117.368163
SN54_11.wav.mp3, 301.792653
SN54_12.wav.mp3, 489.874286
SN54_13.wav.mp3, 801.436735
SN54_6.wav.mp3, 271.908571
SN54_8.wav.mp3, 610.324898
SN54_9.wav.mp3, 486.191020
SN5_4.wav.mp3, 121.338776
SN55_1.wav.mp3, 174.262857
SN55_21.wav.mp3, 162.951837
SN55_22.wav.mp3, 201.639184
SN55_23.wav.mp3, 356.493061
SN55_25.wav.mp3, 597.786122
SN55_26.wav.mp3, 446.458776
SN55_27.wav.mp3, 346.853878
SN55_30.wav.mp3, 185.626122
SN55_31.wav.mp3, 138.292245
SN55_32.wav.mp3, 81.188571
SN55_33.wav.mp3, 77.818776
SN55_40.wav.mp3, 414.171429
SN55_54.wav.mp3, 399.333878
SN55_5.wav.mp3, 130.246531
SN55_7.wav.mp3, 644.466939
SN5_5.wav.mp3, 128.548571
SN56_102.wav.mp3, 197.564082
SN56_11.wav.mp3, 417.044898
SN56_1.wav.mp3, 57.913469
SN56_20.wav.mp3, 57.678367
SN56_26.wav.mp3, 69.355102
SN56_27.wav.mp3, 47.438367
SN56_28.wav.mp3, 55.353469
SN56_2.wav.mp3, 57.808980
SN56_30.wav.mp3, 82.128980
SN56_31.wav.mp3, 110.550204
SN56_32.wav.mp3, 135.314286
SN56_35.wav.mp3, 105.795918
SN56_36.wav.mp3, 89.208163
SN56_42.wav.mp3, 254.772245
SN56_44.wav.mp3, 128.783673
SN56_45.wav.mp3, 160.417959
SN56_46.wav.mp3, 247.170612
SN56_48.wav.mp3, 101.381224
SN5_6.wav.mp3, 104.254694
SN5_7.wav.mp3, 112.875102
SN5_8.wav.mp3, 107.493878
SN5_9.wav.mp3, 124.760816
SN6_15.wav.mp3, 184.999184
SN6_1.wav.mp3, 315.062857
SN6_2.wav.mp3, 278.831020
SN7_12.wav.mp3, 147.722449
SN7_14.wav.mp3, 234.213878
SN7_16.wav.mp3, 108.930612
SN7_17.wav.mp3, 113.293061
SN7_18.wav.mp3, 147.121633
SN7_2.wav.mp3, 246.256327
SN7_6.wav.mp3, 151.457959
SN8_4.wav.mp3, 96.417959
SN9_11.wav.mp3, 70.086531
SN9_14.wav.mp3, 115.983673
SN9_1.wav.mp3, 83.017143
SN9_6.wav.mp3, 96.522449
SN9_9.wav.mp3, 67.709388
